{
    "n_layers": 3,
    "hidden_size": 12,
    "dropout_rate": 0.2493337411690475,
    "activation": "Tanh",
    "optimizer": "RMSprop",
    "lr": 0.0032737237507681877,
    "batch_size": 16
}